{"cameraMode":{"drawMode":0,"name":"Shaded","section":"Shading Mode"},"sceneLighting":true,"audioPlay":false,"sceneViewState":{"showFog":true,"showMaterialUpdate":true,"showSkybox":true,"showFlares":true,"showImageEffects":true,"showParticleSystems":true},"in2DMode":false,"pivot":{"x":1.3005800247192383,"y":4.296101093292236,"z":-17.582653045654298},"rotation":{"x":0.11871111392974854,"y":-0.08182121813297272,"z":0.009812690317630768,"w":0.9895161390304565},"size":0.8660253882408142,"orthographic":true}