{"cameraMode":{"drawMode":0,"name":"Shaded","section":"Shading Mode"},"sceneLighting":true,"audioPlay":false,"sceneViewState":{"showFog":true,"showMaterialUpdate":true,"showSkybox":true,"showFlares":true,"showImageEffects":true,"showParticleSystems":true},"in2DMode":false,"pivot":{"x":0.8457307815551758,"y":2.800177574157715,"z":-8.773246765136719},"rotation":{"x":0.2993502616882324,"y":-0.4597579836845398,"z":0.16802258789539338,"w":0.8190451264381409},"size":12.22519302368164,"orthographic":false}