{"cameraMode":{"drawMode":0,"name":"Shaded","section":"Shading Mode"},"sceneLighting":true,"audioPlay":false,"sceneViewState":{"showFog":true,"showMaterialUpdate":true,"showSkybox":true,"showFlares":true,"showImageEffects":true,"showParticleSystems":true},"in2DMode":false,"pivot":{"x":13.513206481933594,"y":16.600229263305665,"z":-28.677446365356447},"rotation":{"x":0.08148571848869324,"y":0.3704225718975067,"z":-0.03266139701008797,"w":0.9247353076934815},"size":12.22519302368164,"orthographic":false}