{"cameraMode":{"drawMode":0,"name":"Shaded","section":"Shading Mode"},"sceneLighting":true,"audioPlay":false,"sceneViewState":{"showFog":true,"showMaterialUpdate":true,"showSkybox":true,"showFlares":true,"showImageEffects":true,"showParticleSystems":true},"in2DMode":false,"pivot":{"x":0.6012217998504639,"y":-3.1086955070495607,"z":0.8406772613525391},"rotation":{"x":0.21900609135627747,"y":0.07164173573255539,"z":-0.016132060438394548,"w":0.9729812741279602},"size":9.97974967956543,"orthographic":false}