{
    "name": "Level1",
    "terrainSceneName": "SmoothHills",
    "playerMade": false,
    "buildings": [
        {
            "transform": {
                "Position": {
                    "x": -4.780031681060791,
                    "y": -0.4425975978374481,
                    "z": -0.5173719525337219
                },
                "Rotation": {
                    "x": 0.0,
                    "y": 0.0,
                    "z": 0.0,
                    "w": 1.0
                }
            },
            "health": {
                "currentHealth": 50.0,
                "maxHealth": 50.0
            },
            "buildingData": {
                "buildingType": 7,
                "resourcePurchase": []
            },
            "assignedBees": []
        }
    ],
    "bees": [
        {
            "transform": {
                "Position": {
                    "x": -6.112247943878174,
                    "y": -0.18913209438323975,
                    "z": -1.7840324640274048
                },
                "Rotation": {
                    "x": 0.0,
                    "y": 0.9107240438461304,
                    "z": 0.0,
                    "w": -0.4130155146121979
                }
            },
            "health": {
                "currentHealth": 1.0,
                "maxHealth": 1.0
            },
            "id": 10
        },
        {
            "transform": {
                "Position": {
                    "x": -6.417442321777344,
                    "y": -0.1933227777481079,
                    "z": -0.750969648361206
                },
                "Rotation": {
                    "x": 0.0,
                    "y": 0.5763572454452515,
                    "z": 0.0,
                    "w": -0.8171979188919067
                }
            },
            "health": {
                "currentHealth": 1.0,
                "maxHealth": 1.0
            },
            "id": 9
        },
        {
            "transform": {
                "Position": {
                    "x": -6.215121269226074,
                    "y": -0.1950666904449463,
                    "z": -0.590753972530365
                },
                "Rotation": {
                    "x": 0.0,
                    "y": 0.08325444906949997,
                    "z": 0.0,
                    "w": -0.9965283274650574
                }
            },
            "health": {
                "currentHealth": 1.0,
                "maxHealth": 1.0
            },
            "id": 8
        },
        {
            "transform": {
                "Position": {
                    "x": -6.079833507537842,
                    "y": -0.1965177059173584,
                    "z": -0.44578057527542117
                },
                "Rotation": {
                    "x": 0.0,
                    "y": 0.090921550989151,
                    "z": 0.0,
                    "w": -0.9958580732345581
                }
            },
            "health": {
                "currentHealth": 1.0,
                "maxHealth": 1.0
            },
            "id": 7
        },
        {
            "transform": {
                "Position": {
                    "x": -6.079959392547607,
                    "y": -0.18820169568061829,
                    "z": -1.5702718496322632
                },
                "Rotation": {
                    "x": 0.0,
                    "y": 0.48432645201683047,
                    "z": 0.0,
                    "w": -0.8748874068260193
                }
            },
            "health": {
                "currentHealth": 1.0,
                "maxHealth": 1.0
            },
            "id": 6
        },
        {
            "transform": {
                "Position": {
                    "x": -7.661808967590332,
                    "y": -0.19585072994232179,
                    "z": -4.031960964202881
                },
                "Rotation": {
                    "x": 0.0,
                    "y": 0.9986853003501892,
                    "z": 0.0,
                    "w": -0.051261354237794879
                }
            },
            "health": {
                "currentHealth": 1.0,
                "maxHealth": 1.0
            },
            "id": 5
        },
        {
            "transform": {
                "Position": {
                    "x": -7.847353458404541,
                    "y": -0.1929084062576294,
                    "z": 0.3635125756263733
                },
                "Rotation": {
                    "x": 0.0,
                    "y": 0.39680522680282595,
                    "z": 0.0,
                    "w": -0.9179028868675232
                }
            },
            "health": {
                "currentHealth": 1.0,
                "maxHealth": 1.0
            },
            "id": 4
        },
        {
            "transform": {
                "Position": {
                    "x": -6.069915294647217,
                    "y": -0.194472074508667,
                    "z": -0.7259846925735474
                },
                "Rotation": {
                    "x": 0.0,
                    "y": -0.12278569489717484,
                    "z": 0.0,
                    "w": -0.9924331903457642
                }
            },
            "health": {
                "currentHealth": 1.0,
                "maxHealth": 1.0
            },
            "id": 3
        },
        {
            "transform": {
                "Position": {
                    "x": -4.228240966796875,
                    "y": -0.19234973192214967,
                    "z": 1.3304471969604493
                },
                "Rotation": {
                    "x": 0.0,
                    "y": -0.7027473449707031,
                    "z": 0.0,
                    "w": -0.7114395499229431
                }
            },
            "health": {
                "currentHealth": 1.0,
                "maxHealth": 1.0
            },
            "id": 2
        },
        {
            "transform": {
                "Position": {
                    "x": -6.436285495758057,
                    "y": -0.1808626651763916,
                    "z": 1.9058514833450318
                },
                "Rotation": {
                    "x": 0.0,
                    "y": -0.12087907642126084,
                    "z": 0.0,
                    "w": -0.9926673173904419
                }
            },
            "health": {
                "currentHealth": 1.0,
                "maxHealth": 1.0
            },
            "id": 1
        }
    ],
    "enemyBuildings": [],
    "resources": [
        {
            "Type": 1,
            "StartingAmount": 0,
            "TickDrainAmount": 0.0,
            "CurrentResourceAmount": 30.0,
            "Cap": 30
        },
        {
            "Type": 0,
            "StartingAmount": 0,
            "TickDrainAmount": 0.0,
            "CurrentResourceAmount": 100.0,
            "Cap": 100
        },
        {
            "Type": 2,
            "StartingAmount": 0,
            "TickDrainAmount": 0.0,
            "CurrentResourceAmount": 5.0,
            "Cap": 5
        },
        {
            "Type": 3,
            "StartingAmount": 0,
            "TickDrainAmount": 0.0,
            "CurrentResourceAmount": 50.0,
            "Cap": 50
        },
        {
            "Type": 4,
            "StartingAmount": 0,
            "TickDrainAmount": 0.0,
            "CurrentResourceAmount": 10.0,
            "Cap": 10
        },
        {
            "Type": 5,
            "StartingAmount": 0,
            "TickDrainAmount": 0.0,
            "CurrentResourceAmount": 0.0,
            "Cap": 10
        }
    ],
    "researches": [
        {
            "researched": false,
            "name": "Tier 2 Housing",
            "progress": 99.03507232666016,
            "timer": {
                "runTime": 10.0,
                "timeRunning": 0.0,
                "progressPercent": 0.0,