{
    "name": "Pier",
    "terrainSceneName": "SmoothHills",
    "playerMade": false,
    "buildings": [
        {
            "transform": {
                "Position": {
                    "x": 58.55495834350586,
                    "y": -0.4434616267681122,
                    "z": 57.442623138427737
                },
                "Rotation": {
                    "x": 0.0,
                    "y": 0.0,
                    "z": 0.0,
                    "w": 1.0
                }
            },
            "health": {
                "currentHealth": 50.0,
                "maxHealth": 50.0
            },
            "buildingData": {
                "buildingType": 7,
                "resourcePurchase": []
            },
            "assignedBees": []
        }
    ],
    "bees": [
        {
            "transform": {
                "Position": {
                    "x": 59.80497360229492,
                    "y": 0.13221681118011475,
                    "z": 56.63717269897461
                },
                "Rotation": {
                    "x": 0.0,
                    "y": 0.4668857753276825,
                    "z": 0.0,
                    "w": 0.8843176364898682
                }
            },
            "health": {
                "currentHealth": 1.0,
                "maxHealth": 1.0
            },
            "id": 20
        },
        {
            "transform": {
                "Position": {
                    "x": 59.517093658447269,
                    "y": 0.08370211720466614,
                    "z": 55.47079086303711
                },
                "Rotation": {
                    "x": 0.0,
                    "y": 0.8457000255584717,
                    "z": 0.0,
                    "w": 0.5336586236953735
                }
            },
            "health": {
                "currentHealth": 1.0,
                "maxHealth": 1.0
            },
            "id": 19
        },
        {
            "transform": {
                "Position": {
                    "x": 58.30424499511719,
                    "y": -0.19910699129104615,
                    "z": 55.73012161254883
                },
                "Rotation": {
                    "x": 0.0,
                    "y": 0.9995157122612,
                    "z": 0.0,
                    "w": 0.031119951978325845
                }
            },
            "health": {
                "currentHealth": 1.0,
                "maxHealth": 1.0
            },
            "id": 18
        },
        {
            "transform": {
                "Position": {
                    "x": 56.97666931152344,
                    "y": 0.2257806658744812,
                    "z": 56.395023345947269
                },
                "Rotation": {
                    "x": 0.0,
                    "y": 0.8779011368751526,
                    "z": 0.0,
                    "w": -0.47884199023246767
                }
            },
            "health": {
                "currentHealth": 1.0,
                "maxHealth": 1.0
            },
            "id": 17
        },
        {
            "transform": {
                "Position": {
                    "x": 56.97578048706055,
                    "y": 0.25250881910324099,
                    "z": 57.429725646972659
                },
                "Rotation": {
                    "x": 0.0,
                    "y": 0.5186843276023865,
                    "z": 0.0,
                    "w": -0.85496586561203
                }
            },
            "health": {
                "currentHealth": 1.0,
                "maxHealth": 1.0
            },
            "id": 16
        },
        {
            "transform": {
                "Position": {
                    "x": 57.180091857910159,
                    "y": 0.07816937565803528,
                    "z": 57.607215881347659
                },
                "Rotation": {
                    "x": 0.0,
                    "y": 0.022880984470248224,
                    "z": 0.0,
                    "w": -0.9997382164001465
                }
            },
            "health": {
                "currentHealth": 1.0,
                "maxHealth": 1.0
            },
            "id": 15
        },
        {
            "transform": {
                "Position": {
                    "x": 59.80495834350586,
                    "y": 0.09216445684432984,
                    "z": 57.442623138427737
                },
                "Rotation": {
                    "x": 0.0,
                    "y": -0.7309233546257019,
                    "z": 0.0,
                    "w": 0.6824595928192139
                }
            },
            "health": {
                "currentHealth": 1.0,
                "maxHealth": 1.0
            },
            "id": 14
        },
        {
            "transform": {
                "Position": {
                    "x": 57.11548614501953,
                    "y": 0.05735093355178833,
                    "z": 57.4749870300293
                },
                "Rotation": {
                    "x": 0.0,
                    "y": -0.645319402217865,
                    "z": 0.0,
                    "w": -0.7639129757881165
                }
            },
            "health": {
                "currentHealth": 1.0,
                "maxHealth": 1.0
            },
            "id": 13
        },
        {
            "transform": {
                "Position": {
                    "x": 57.226165771484378,
                    "y": 0.24194642901420594,
                    "z": 57.484073638916019
                },
                "Rotation": {
                    "x": 0.0,
                    "y": -0.8877165913581848,
                    "z": 0.0,
                    "w": -0.46039044857025149
                }
            },
            "health": {
                "currentHealth": 1.0,
                "maxHealth": 1.0
            },
            "id": 12
        },
        {
            "transform": {
                "Position": {
                    "x": 57.096771240234378,
                    "y": -0.09784436225891113,
                    "z": 57.22581481933594
                },
                "Rotation": {
                    "x": 0.0,
                    "y": -0.4737972617149353,
                    "z": 0.0,
                    "w": -0.8806338906288147
                }
            },
            "health": {
                "currentHealth": 1.0,
                "maxHealth": 1.0
            },
            "id": 11
        },
        {
            "transform": {
                "Position": {
                    "x": 57.30495834350586,
                    "y": -0.22862045466899873,
                    "z": 57.51715087890625
                },
                "Rotation": {
                    "x": 0.0,
                    "y": 0.9785683155059815,
                    "z": 0.0,
                    "w": 0.2059226632118225
                }
            },
            "health": {
                "currentHealth": 1.0,
                "maxHealth": 1.0
            },
            "id": 1
        },
        {
            "transform": {
                "Position": {
                    "x": 57.30495834350586,
                    "y": -0.32449689507484438,
                    "z": 57.3125114440918
                },
                "Rotation": {
                    "x": 0.0,
                    "y": -0.45289069414138796,
                    "z": 0.0,
                    "w": -0.8915660381317139
                }
            },
            "health": {
                "currentHealth": 1.0,
                "maxHealth": 1.0
            },
            "id": 2
        },
        {
            "transform": {
                "Position": {
                    "x": 57.29684066772461,
                    "y": 0.36680787801742556,
                    "z": 57.04241943359375
                },
                "Rotation": {
                    "x": 0.0,