{
    "name": "SeaView",
    "terrainSceneName": "SmoothHills",
    "playerMade": false,
    "buildings": [
        {
            "transform": {
                "Position": {
                    "x": -50.19002151489258,
                    "y": -0.44321367144584658,
                    "z": 28.462627410888673
                },
                "Rotation": {
                    "x": 0.0,
                    "y": 0.0,
                    "z": 0.0,
                    "w": 1.0
                }
            },
            "health": {
                "currentHealth": 50.0,
                "maxHealth": 50.0
            },
            "buildingData": {
                "buildingType": 7,
                "resourcePurchase": []
            },
            "assignedBees": [],
            "buildingTier": 1
        }
    ],
    "bees": [
        {
            "transform": {
                "Position": {
                    "x": -50.1524543762207,
                    "y": 1.3395787477493287,
                    "z": 29.174503326416017
                },
                "Rotation": {
                    "x": 0.0,
                    "y": -0.9597533941268921,
                    "z": 0.0,
                    "w": -0.2808440327644348
                }
            },
            "health": {
                "currentHealth": 3.0,
                "maxHealth": 3.0
            },
            "id": 10
        },
        {
            "transform": {
                "Position": {
                    "x": -50.1217155456543,
                    "y": 1.349709391593933,
                    "z": 28.980304718017579
                },
                "Rotation": {
                    "x": 0.0,
                    "y": 0.3485839068889618,
                    "z": 0.0,
                    "w": -0.937277615070343
                }
            },
            "health": {
                "currentHealth": 3.0,
                "maxHealth": 3.0
            },
            "id": 9
        },
        {
            "transform": {
                "Position": {
                    "x": -50.28949737548828,
                    "y": 1.4520374536514283,
                    "z": 29.120046615600587
                },
                "Rotation": {
                    "x": 0.0,
                    "y": 0.999740481376648,
                    "z": 0.0,
                    "w": -0.022781195119023324
                }
            },
            "health": {
                "currentHealth": 3.0,
                "maxHealth": 3.0
            },
            "id": 8
        },
        {
            "transform": {
                "Position": {
                    "x": -50.13324737548828,
                    "y": 1.0654246807098389,
                    "z": 29.12611961364746
                },
                "Rotation": {
                    "x": 0.0,
                    "y": 0.799962043762207,
                    "z": 0.0,
                    "w": 0.6000505089759827
                }
            },
            "health": {
                "currentHealth": 3.0,
                "maxHealth": 3.0
            },
            "id": 7
        },
        {
            "transform": {
                "Position": {
                    "x": -50.28668975830078,
                    "y": 1.1026196479797364,
                    "z": 28.970462799072267
                },
                "Rotation": {
                    "x": 0.0,
                    "y": -0.872215986251831,
                    "z": 0.0,
                    "w": -0.48912087082862856
                }
            },
            "health": {
                "currentHealth": 3.0,
                "maxHealth": 3.0
            },
            "id": 6
        },
        {
            "transform": {
                "Position": {
                    "x": -49.9934196472168,
                    "y": 1.3010830879211426,
                    "z": 28.657211303710939
                },
                "Rotation": {
                    "x": 0.0,
                    "y": -0.7503871917724609,
                    "z": 0.0,
                    "w": -0.6609985828399658
                }
            },
            "health": {
                "currentHealth": 3.0,
                "maxHealth": 3.0
            },
            "id": 5
        },
        {
            "transform": {
                "Position": {
                    "x": -50.02111053466797,
                    "y": 1.4237618446350098,
                    "z": 28.383176803588868
                },
                "Rotation": {
                    "x": 0.0,
                    "y": -0.9028058052062988,
                    "z": 0.0,
                    "w": -0.4300486147403717
                }
            },
            "health": {
                "currentHealth": 3.0,
                "maxHealth": 3.0
            },
            "id": 4
        },
        {
            "transform": {
                "Position": {
                    "x": -50.354888916015628,
                    "y": 1.464124321937561,
                    "z": 28.909622192382814
                },
                "Rotation": {
                    "x": 0.0,
                    "y": -0.7598159909248352,
                    "z": 0.0,
                    "w": 0.650138258934021
                }
            },
            "health": {
                "currentHealth": 3.0,
                "maxHealth": 3.0
            },
            "id": 3
        },
        {
            "transform": {
                "Position": {
                    "x": -49.81890106201172,
                    "y": 1.4739199876785279,
                    "z": 28.397796630859376
                },
                "Rotation": {
                    "x": 0.0,
                    "y": 0.3994053900241852,
                    "z": 0.0,
                    "w": 0.9167745113372803
                }
            },
            "health": {
                "currentHealth": 3.0,
                "maxHealth": 3.0
            },
            "id": 2
        },
        {
            "transform": {
                "Position": {
                    "x": -50.17136001586914,
                    "y": 1.3995448350906373,
                    "z": 28.514827728271486
                },
                "Rotation": {
                    "x": 0.0,
                    "y": -0.04308217763900757,
                    "z": 0.0,
                    "w": 0.9990715980529785
                }
            },
            "health": {
                "currentHealth": 3.0,
                "maxHealth": 3.0
            },
            "id": 1
        }
    ],
    "enemyBuildings": [
        {
            "Position": {
                "x": -41.22752380371094,
                "y": -0.4431850016117096,
                "z": -12.59237003326416
            },
            "Rotation": {
                "x": 0.0,
                "y": 0.0,
                "z": 0.0,
                "w": 1.0
            }
        },
        {
            "Position": {
                "x": -56.762516021728519,
                "y": -0.4431850016117096,
                "z": -12.59237003326416
            },
            "Rotation": {
                "x": 0.0,
                "y": 0.0,
                "z": 0.0,
                "w": 1.0
            }
        }
    ],
    "resources": [
        {
            "Type": 1,
            "StartingAmount": 0,
            "TickDrainAmount": 0.0,
            "CurrentResourceAmount": 30.0,
            "Cap": 30
        },
        {
            "Type": 0,
            "StartingAmount": 0,
            "TickDrainAmount": 1.0000001192092896,
            "CurrentResourceAmount": 100.0,
            "Cap": 100
        },
        {
            "Type": 2,
            "StartingAmount": 0,
            "TickDrainAmount": 0.0,
            "CurrentResourceAmount": 5.0,
            "Cap": 5
        },
        {
            "Type": 3,
            "StartingAmount": 0,
            "TickDrainAmount": 0.0,
            "CurrentResourceAmount": 50.0,