{
    "name": "Ushape",
    "terrainSceneName": "SmoothHills",
    "playerMade": false,
    "buildings": [
        {
            "transform": {
                "Position": {
                    "x": 4.182468891143799,
                    "y": -0.4425975978374481,
                    "z": 8.797627449035645
                },
                "Rotation": {
                    "x": 0.0,
                    "y": 0.0,
                    "z": 0.0,
                    "w": 1.0
                }
            },
            "health": {
                "currentHealth": 50.0,
                "maxHealth": 50.0
            },
            "buildingData": {
                "buildingType": 7,
                "resourcePurchase": []
            },
            "assignedBees": []
        }
    ],
    "bees": [
        {
            "transform": {
                "Position": {
                    "x": 4.254982948303223,
                    "y": 0.172823965549469,
                    "z": 7.547626972198486
                },
                "Rotation": {
                    "x": 0.0,
                    "y": -0.4733092486858368,
                    "z": 0.0,
                    "w": 0.8808963894844055
                }
            },
            "health": {
                "currentHealth": 1.0,
                "maxHealth": 1.0
            },
            "id": 10
        },
        {
            "transform": {
                "Position": {
                    "x": 4.262244701385498,
                    "y": -0.22706492245197297,
                    "z": 7.488508224487305
                },
                "Rotation": {
                    "x": 0.0,
                    "y": 0.047009509056806567,
                    "z": 0.0,
                    "w": 0.998894453048706
                }
            },
            "health": {
                "currentHealth": 1.0,
                "maxHealth": 1.0
            },
            "id": 9
        },
        {
            "transform": {
                "Position": {
                    "x": 4.022012233734131,
                    "y": -0.04229515790939331,
                    "z": 7.547626495361328
                },
                "Rotation": {
                    "x": 0.0,
                    "y": 0.47799915075302126,
                    "z": 0.0,
                    "w": 0.878360390663147
                }
            },
            "health": {
                "currentHealth": 1.0,
                "maxHealth": 1.0
            },
            "id": 8
        },
        {
            "transform": {
                "Position": {
                    "x": 4.377346992492676,
                    "y": -0.19700613617897035,
                    "z": 7.516666412353516
                },
                "Rotation": {
                    "x": 0.0,
                    "y": 0.1759517639875412,
                    "z": 0.0,
                    "w": -0.9843987822532654
                }
            },
            "health": {
                "currentHealth": 1.0,
                "maxHealth": 1.0
            },
            "id": 7
        },
        {
            "transform": {
                "Position": {
                    "x": 4.1472578048706059,
                    "y": 0.2972387671470642,
                    "z": 7.547626495361328
                },
                "Rotation": {
                    "x": 0.0,
                    "y": 0.35502752661705019,
                    "z": 0.0,
                    "w": -0.9348558187484741
                }
            },
            "health": {
                "currentHealth": 1.0,
                "maxHealth": 1.0
            },
            "id": 6
        },
        {
            "transform": {
                "Position": {
                    "x": 5.510125637054443,
                    "y": 0.10111230611801148,
                    "z": 8.755330085754395
                },
                "Rotation": {
                    "x": 0.0,
                    "y": -0.4626013934612274,
                    "z": 0.0,
                    "w": 0.8865664005279541
                }
            },
            "health": {
                "currentHealth": 1.0,
                "maxHealth": 1.0
            },
            "id": 5
        },
        {
            "transform": {
                "Position": {
                    "x": 5.432468414306641,
                    "y": -0.23148491978645326,
                    "z": 8.815932273864746
                },
                "Rotation": {
                    "x": 0.0,
                    "y": -0.8860012888908386,
                    "z": 0.0,
                    "w": 0.4636828303337097
                }
            },
            "health": {
                "currentHealth": 1.0,
                "maxHealth": 1.0
            },
            "id": 4
        },
        {
            "transform": {
                "Position": {
                    "x": 4.495630741119385,
                    "y": -0.14603140950202943,
                    "z": 7.54762601852417
                },
                "Rotation": {
                    "x": 0.0,
                    "y": -0.2819567024707794,
                    "z": 0.0,
                    "w": 0.9594271779060364
                }
            },
            "health": {
                "currentHealth": 1.0,
                "maxHealth": 1.0
            },
            "id": 3
        },
        {
            "transform": {
                "Position": {
                    "x": 4.096922397613525,
                    "y": -0.03744226694107056,
                    "z": 7.344089508056641
                },
                "Rotation": {
                    "x": 0.0,
                    "y": 0.5745007395744324,
                    "z": 0.0,
                    "w": 0.8185040950775147
                }
            },
            "health": {
                "currentHealth": 1.0,
                "maxHealth": 1.0
            },
            "id": 2
        },
        {
            "transform": {
                "Position": {
                    "x": 4.114006519317627,
                    "y": -0.020460844039916993,
                    "z": 7.473567008972168
                },
                "Rotation": {
                    "x": 0.0,
                    "y": 0.5824492573738098,
                    "z": 0.0,
                    "w": 0.8128671646118164
                }
            },
            "health": {
                "currentHealth": 1.0,
                "maxHealth": 1.0
            },
            "id": 1
        }
    ],
    "enemyBuildings": [
        {
            "Position": {
                "x": -39.43502426147461,
                "y": -0.44321364164352419,
                "z": 26.39262580871582
            },
            "Rotation": {
                "x": 0.0,
                "y": 0.0,
                "z": 0.0,
                "w": 1.0
            }
        },
        {
            "Position": {
                "x": -38.24002456665039,
                "y": -0.4334041476249695,
                "z": 22.252626419067384
            },
            "Rotation": {
                "x": 0.0,
                "y": 0.0,
                "z": 0.0,
                "w": 1.0
            }
        },
        {
            "Position": {
                "x": -36.44752502441406,
                "y": -0.44321364164352419,
                "z": 27.42762565612793
            },
            "Rotation": {
                "x": 0.0,
                "y": 0.0,
                "z": 0.0,
                "w": 1.0
            }
        },
        {
            "Position": {
                "x": 11.352469444274903,
                "y": -0.44321364164352419,
                "z": 31.567625045776368
            },
            "Rotation": {
                "x": 0.0,
                "y": 0.0,
                "z": 0.0,
                "w": 1.0
            }
        },
        {
            "Position": {
                "x": 9.559969902038575,
                "y": -0.44321364164352419,