{
    "name": "UShape",
    "terrainSceneName": "SmoothHills",
    "playerMade": false,
    "buildings": [
        {
            "transform": {
                "Position": {
                    "x": -6.5725321769714359,
                    "y": -0.4092685878276825,
                    "z": -7.762371063232422
                },
                "Rotation": {
                    "x": 0.0,
                    "y": 0.0,
                    "z": 0.0,
                    "w": 1.0
                }
            },
            "health": {
                "currentHealth": 50.0,
                "maxHealth": 50.0
            },
            "buildingData": {
                "buildingType": 7,
                "resourcePurchase": []
            },
            "assignedBees": []
        }
    ],
    "bees": [
        {
            "transform": {
                "Position": {
                    "x": -5.322532653808594,
                    "y": -0.03027576208114624,
                    "z": -7.28238582611084
                },
                "Rotation": {
                    "x": 0.0,
                    "y": 0.0,
                    "z": 0.0,
                    "w": 1.0
                }
            },
            "health": {
                "currentHealth": 1.0,
                "maxHealth": 1.0
            },
            "id": 20
        },
        {
            "transform": {
                "Position": {
                    "x": -5.322532653808594,
                    "y": 0.03650176525115967,
                    "z": -7.7304887771606449
                },
                "Rotation": {
                    "x": 0.0,
                    "y": -0.1322011649608612,
                    "z": 0.0,
                    "w": 0.9912229180335999
                }
            },
            "health": {
                "currentHealth": 1.0,
                "maxHealth": 1.0
            },
            "id": 19
        },
        {
            "transform": {
                "Position": {
                    "x": -6.7368483543396,
                    "y": -0.08964914083480835,
                    "z": -6.023571491241455
                },
                "Rotation": {
                    "x": 0.0,
                    "y": -0.6381639838218689,
                    "z": 0.0,
                    "w": 0.7699005603790283
                }
            },
            "health": {
                "currentHealth": 1.0,
                "maxHealth": 1.0
            },
            "id": 18
        },
        {
            "transform": {
                "Position": {
                    "x": -7.904171943664551,
                    "y": 0.21792438626289369,
                    "z": -6.550342082977295
                },
                "Rotation": {
                    "x": 0.0,
                    "y": -0.8144679069519043,
                    "z": 0.0,
                    "w": 0.5802085995674133
                }
            },
            "health": {
                "currentHealth": 1.0,
                "maxHealth": 1.0
            },
            "id": 17
        },
        {
            "transform": {
                "Position": {
                    "x": -8.319087028503418,
                    "y": 0.29515767097473147,
                    "z": -7.480924129486084
                },
                "Rotation": {
                    "x": 0.0,
                    "y": -0.9849758744239807,
                    "z": 0.0,
                    "w": 0.1726921796798706
                }
            },
            "health": {
                "currentHealth": 1.0,
                "maxHealth": 1.0
            },
            "id": 16
        },
        {
            "transform": {
                "Position": {
                    "x": -7.9987077713012699,
                    "y": 0.0777742862701416,
                    "z": -7.983563423156738
                },
                "Rotation": {
                    "x": 0.0,
                    "y": -0.9518779516220093,
                    "z": 0.0,
                    "w": -0.306477427482605
                }
            },
            "health": {
                "currentHealth": 1.0,
                "maxHealth": 1.0
            },
            "id": 15
        },
        {
            "transform": {
                "Position": {
                    "x": -7.890792369842529,
                    "y": -0.14913466572761537,
                    "z": -7.892638683319092
                },
                "Rotation": {
                    "x": 0.0,
                    "y": -0.7979264259338379,
                    "z": 0.0,
                    "w": -0.6027548909187317
                }
            },
            "health": {
                "currentHealth": 1.0,
                "maxHealth": 1.0
            },
            "id": 14
        },
        {
            "transform": {
                "Position": {
                    "x": -5.253276824951172,
                    "y": -0.15570098161697389,
                    "z": -7.816967010498047
                },
                "Rotation": {
                    "x": 0.0,
                    "y": -0.24957194924354554,
                    "z": 0.0,
                    "w": 0.9683562517166138
                }
            },
            "health": {
                "currentHealth": 1.0,
                "maxHealth": 1.0
            },
            "id": 13
        },
        {
            "transform": {
                "Position": {
                    "x": -7.822532653808594,
                    "y": 0.004908919334411621,
                    "z": -7.841182708740234
                },
                "Rotation": {
                    "x": 0.0,
                    "y": -0.45274245738983157,
                    "z": 0.0,
                    "w": -0.89164137840271
                }
            },
            "health": {
                "currentHealth": 1.0,
                "maxHealth": 1.0
            },
            "id": 12
        },
        {
            "transform": {
                "Position": {
                    "x": -7.822532653808594,
                    "y": -0.13712471723556519,
                    "z": -7.948173522949219
                },
                "Rotation": {
                    "x": 0.0,
                    "y": -0.48098447918891909,
                    "z": 0.0,
                    "w": -0.8767291307449341
                }
            },
            "health": {
                "currentHealth": 1.0,
                "maxHealth": 1.0
            },
            "id": 11
        },
        {
            "transform": {
                "Position": {
                    "x": -7.8225321769714359,
                    "y": 0.19868183135986329,
                    "z": -7.715728282928467
                },
                "Rotation": {
                    "x": 0.0,
                    "y": -0.5627562999725342,
                    "z": 0.0,
                    "w": -0.8266228437423706
                }
            },
            "health": {
                "currentHealth": 1.0,
                "maxHealth": 1.0
            },
            "id": 1
        },
        {
            "transform": {
                "Position": {
                    "x": -7.897648811340332,
                    "y": 0.04353639483451843,
                    "z": -7.626471996307373
                },
                "Rotation": {
                    "x": 0.0,
                    "y": -0.9578816294670105,
                    "z": 0.0,
                    "w": -0.28716331720352175
                }
            },
            "health": {
                "currentHealth": 1.0,
                "maxHealth": 1.0
            },
            "id": 2
        },
        {
            "transform": {
                "Position": {
                    "x": -8.03792953491211,
                    "y": 0.12107077240943909,
                    "z": -7.612028121948242
                },
                "Rotation": {
                    "x": 0.0,