{
    "name": "WoodsideRetreat",
    "terrainSceneName": "SmoothHills",
    "playerMade": false,
    "buildings": [
        {
            "transform": {
                "Position": {
                    "x": -9.560032844543457,
                    "y": -0.4425975978374481,
                    "z": -4.657371520996094
                },
                "Rotation": {
                    "x": 0.0,
                    "y": 0.0,
                    "z": 0.0,
                    "w": 1.0
                }
            },
            "health": {
                "currentHealth": 50.0,
                "maxHealth": 50.0
            },
            "buildingData": {
                "buildingType": 7,
                "resourcePurchase": []
            },
            "assignedBees": [],
            "buildingTier": 1
        }
    ],
    "bees": [
        {
            "transform": {
                "Position": {
                    "x": -9.510164260864258,
                    "y": 1.1262624263763428,
                    "z": -3.7590887546539308
                },
                "Rotation": {
                    "x": 0.0,
                    "y": 0.6502026319503784,
                    "z": 0.0,
                    "w": 0.759760856628418
                }
            },
            "health": {
                "currentHealth": 3.0,
                "maxHealth": 3.0
            },
            "id": 11
        }
    ],
    "enemyBuildings": [
        {
            "Position": {
                "x": -12.547531127929688,
                "y": -0.4432136118412018,
                "z": 39.157623291015628
            },
            "Rotation": {
                "x": 0.0,
                "y": 0.0,
                "z": 0.0,
                "w": 1.0
            }
        },
        {
            "Position": {
                "x": -41.82502365112305,
                "y": -0.4432136118412018,
                "z": 25.702627182006837
            },
            "Rotation": {
                "x": 0.0,
                "y": 0.0,
                "z": 0.0,
                "w": 1.0
            }
        }
    ],
    "resources": [
        {
            "Type": 1,
            "StartingAmount": 0,
            "TickDrainAmount": 0.0,
            "CurrentResourceAmount": 30.0,
            "Cap": 30
        },
        {
            "Type": 0,
            "StartingAmount": 0,
            "TickDrainAmount": 0.10000000149011612,
            "CurrentResourceAmount": 100.0,
            "Cap": 100
        },
        {
            "Type": 2,
            "StartingAmount": 0,
            "TickDrainAmount": 0.0,
            "CurrentResourceAmount": 5.0,
            "Cap": 5
        },
        {
            "Type": 3,
            "StartingAmount": 0,
            "TickDrainAmount": 0.0,
            "CurrentResourceAmount": 50.0,
            "Cap": 50
        },
        {
            "Type": 4,
            "StartingAmount": 0,
            "TickDrainAmount": 0.0,
            "CurrentResourceAmount": 10.0,
            "Cap": 10
        },
        {
            "Type": 5,
            "StartingAmount": 0,
            "TickDrainAmount": 0.0,
            "CurrentResourceAmount": 0.0,
            "Cap": 1
        }
    ],
    "researches": [
        {
            "researched": false,
            "name": "Tier 2 Housing",
            "progress": 99.03507232666016,
            "timer": {
                "runTime": 10.0,
                "timeRunning": 0.0,
                "progressPercent": 0.0,
                "active": false
            }
        },
        {
            "researched": false,
            "name": "Tier 3 Housing",
            "progress": 0.0,
            "timer": {
                "runTime": 20.0,
                "timeRunning": 0.0,
                "progressPercent": 0.0,
                "active": false
            }
        },
        {
            "researched": false,
            "name": "Tier 2 Storage",
            "progress": 99.15312194824219,
            "timer": {
                "runTime": 10.0,
                "timeRunning": 0.0,
                "progressPercent": 0.0,
                "active": false
            }
        },
        {
            "researched": false,
            "name": "Tier 3 Storage",
            "progress": 99.13626098632813,
            "timer": {
                "runTime": 10.0,
                "timeRunning": 0.0,
                "progressPercent": 0.0,
                "active": false
            }
        },
        {
            "researched": false,
            "name": "Resource Boost I",
            "progress": 99.2506103515625,
            "timer": {
                "runTime": 10.0,
                "timeRunning": 0.0,
                "progressPercent": 0.0,
                "active": false
            }
        },
        {
            "researched": false,
            "name": "Resource Boost II",
            "progress": 99.05613708496094,
            "timer": {
                "runTime": 10.0,
                "timeRunning": 0.0,
                "progressPercent": 0.0,
                "active": false
            }
        },
        {
            "researched": false,
            "name": "Resource Boost III",
            "progress": 99.09681701660156,
            "timer": {
                "runTime": 10.0,
                "timeRunning": 0.0,
                "progressPercent": 0.0,
                "active": false
            }
        },
        {
            "researched": false,
            "name": "Tower Damage I",
            "progress": 99.18278503417969,
            "timer": {
                "runTime": 10.0,
                "timeRunning": 0.0,
                "progressPercent": 0.0,
                "active": false
            }
        },
        {
            "researched": false,
            "name": "Tower Damage II",
            "progress": 99.03610229492188,
            "timer": {
                "runTime": 10.0,
                "timeRunning": 0.0,
                "progressPercent": 0.0,
                "active": false
            }
        },
        {
            "researched": false,
            "name": "Tower Damage III",
            "progress": 99.0315170288086,
            "timer": {
                "runTime": 10.0,
                "timeRunning": 0.0,
                "progressPercent": 0.0,
                "active": false
            }
        }
    ],
    "cameraTransform": {
        "Position": {
            "x": -10.868263244628907,
            "y": -0.5052008628845215,
            "z": 0.23008385300636292
        },
        "Rotation": {
            "x": 0.0,
            "y": 0.0,
            "z": 0.0,
            "w": 1.0
        }
    },
    "currentSeason": 0,
    "waveNumber": 0,
    "year": 1
}